{"cameraMode":{"drawMode":0,"name":"Shaded","section":"Shading Mode"},"sceneLighting":true,"audioPlay":false,"sceneViewState":{"showFog":false,"showMaterialUpdate":false,"showSkybox":true,"showFlares":true,"showImageEffects":true,"showParticleSystems":true},"in2DMode":false,"pivot":{"x":-15.735111236572266,"y":44.612449645996097,"z":64.086669921875},"rotation":{"x":0.11526355892419815,"y":-0.809306800365448,"z":0.16946186125278474,"w":0.5504720211029053},"size":145.60848999023438,"orthographic":false}